[
    {"user":"john", "feedback":"bla", "rating":"34"},
    {"user":"john1", "feedback":"bla", "rating":"34"},
    {"user":"john2", "feedback":"bla", "rating":"34"},
    {"user":"john3", "feedback":"bla", "rating":"34"},
    {"user":"john4", "feedback":"bla", "rating":"34"},
    {"user":"john5", "feedback":"bla", "rating":"34"},
    {"user":"john6", "feedback":"bla", "rating":"34"},
    {"user":"john7", "feedback":"bla", "rating":"34"},
    {"user":"john8", "feedback":"bla", "rating":"34"},
    {"user":"john9", "feedback":"bla", "rating":"34"},
    {"user":"john10", "feedback":"bla", "rating":"34"},
    {"user":"john11", "feedback":"bla", "rating":"34"},
    {"user":"john12", "feedback":"bla", "rating":"34"}
]